-- ============================================================
-- R&R Business Hub → Lead Gen Migration
-- Organization ID: 421ca455-25a4-4a05-beb9-e558b70ecce0
-- Run in Supabase SQL Editor in this order
-- ============================================================

-- 1. EMPLOYEES
INSERT INTO employees (id, organization_id, name, email, phone, role, commission_rate, active, created_at) VALUES
  ('b55b177c-3dc8-47a8-b63a-dde4c98da7c7', '421ca455-25a4-4a05-beb9-e558b70ecce0', 'Faizaan Sheikh', NULL, NULL, 'Sales Representative', '15.00', true, '2026-06-22 15:21:32.857124+00'),
  ('b8726cb7-6aca-4b29-aa8b-022cd00f7424', '421ca455-25a4-4a05-beb9-e558b70ecce0', 'Afeef Zarraf', 'afeef.zarraf2006@gmail.com', '2144173657', 'Client Acquisition & Web Development Specialist ', '15.00', true, '2026-05-26 21:59:39.608719+00')
ON CONFLICT (id) DO NOTHING;

-- 2. CLIENTS
INSERT INTO clients (id, organization_id, name, email, phone, company, service_type, acquisition_source, status, monthly_value, notes, created_at) VALUES
  ('052c6808-482f-4df0-8c77-17c68cfddb9a', '421ca455-25a4-4a05-beb9-e558b70ecce0', 'Catherine Marsh', 'c.marsh@orionfinancialservices.com', '(646) 330-5507', 'Orion Financial Services', 'website-dashboard', 'referral', 'active', '7100.00', 'Wealth management firm — white-label client portal. Compliance-sensitive; all AI outputs reviewed before deployment.', '2026-05-24 04:35:53.425643+00'),
  ('0bbb478d-a648-42de-bed8-2b0616b0712c', '421ca455-25a4-4a05-beb9-e558b70ecce0', 'Ahmed Karimi', 'ahmed@vertexanalytics.ai', '(408) 774-6603', 'Vertex Analytics', 'ai-consultation', 'social-media', 'completed', '2800.00', 'AI analytics startup. 4-month consultation complete — model evaluation + data pipeline strategy. Case study approved.', '2026-05-24 04:35:53.500827+00'),
  ('83afea24-8906-40d6-9904-9a218598f156', '421ca455-25a4-4a05-beb9-e558b70ecce0', 'Priya Nair', 'priya@meridianmediagroup.com', '(212) 774-3309', 'Meridian Media Group', 'brandscaling', 'social-media', 'active', '5200.00', 'NYC media agency. AI-assisted content strategy and brand voice. Q2 renewal confirmed.', '2026-05-24 04:35:52.968782+00'),
  ('9d804618-8cc4-432c-ade9-9c8fc31f86d2', '421ca455-25a4-4a05-beb9-e558b70ecce0', 'Simone Hartley', 'simone@northstarvc.com', '(650) 340-9125', 'NorthStar Ventures', 'website-dashboard', 'cold-outreach', 'lead', '6000.00', 'Series-B VC firm seeking a portfolio analytics dashboard. Proposal delivered — decision expected end of June.', '2026-05-24 04:35:53.194271+00'),
  ('a4592865-45cd-411c-87dc-f994c08ecf91', '421ca455-25a4-4a05-beb9-e558b70ecce0', 'Jordan Blake', 'jordan@bluepeakstudios.io', '(503) 882-2270', 'BluePeak Studios', 'ai-freelancing', 'referral', 'active', '4200.00', 'Creative agency using AI to scale content 10x. Referred by TechFlow. Long-term engagement likely.', '2026-05-24 04:35:53.362856+00'),
  ('a723577c-cad9-43e2-98c7-2538194425a1', '421ca455-25a4-4a05-beb9-e558b70ecce0', 'Marcus Webb', 'marcus.webb@techflowsolutions.com', '(415) 882-4401', 'TechFlow Solutions', 'ai-freelancing', 'referral', 'active', '8500.00', 'Enterprise SaaS company scaling with AI automation. High-touch — monthly strategy call required. Strong upsell potential.', '2026-05-24 04:35:52.831534+00'),
  ('e158cefb-bc0b-49ea-898d-19fd1ed7cebe', '421ca455-25a4-4a05-beb9-e558b70ecce0', 'Derek Osei', 'derek.osei@apexretail.co', '(312) 605-7812', 'Apex Retail Inc.', 'ai-consultation', 'referral', 'active', '3800.00', '85-location retail chain integrating AI for inventory forecasting. Pilot complete — full rollout Q3.', '2026-05-24 04:35:53.095539+00'),
  ('f2b09121-1ece-40c6-a858-19e30f659713', '421ca455-25a4-4a05-beb9-e558b70ecce0', 'Lena Castillo', 'lena.castillo@cascadehospitality.com', '(702) 519-4488', 'Cascade Hospitality Group', 'brandscaling', 'website', 'lead', '4500.00', '14-property hotel group. Interested in AI-driven social media and guest communications. Demo June 10.', '2026-05-24 04:35:53.259505+00')
ON CONFLICT (id) DO NOTHING;

-- 3. CRM_LEADS (from old "leads" table)
INSERT INTO crm_leads (id, organization_id, company_name, industry, contact_person, contact_email, contact_phone, contact_socials, employee_id, employee_name, outreach_status, date_contacted, follow_up_date, lead_temperature, notes, services_pitched, deal_status, is_signed, contract_value, monthly_recurring_revenue, commission_amount, next_action, close_probability, created_at, updated_at) VALUES
  ('0aec3791-a005-4b8d-8617-fef7024c97f0', '421ca455-25a4-4a05-beb9-e558b70ecce0', 'Legend Air, Heating & Cooling', 'HVAC', NULL, NULL, '(214) 441-7752', 'https://legendairtx.com/?utm_source=google&utm_medium=organic&utm_campaign=gmb&utm_id=GBP', NULL, 'Rohan Rahman (Admin)', 'not_contacted', NULL, NULL, 'warm', 'Glitchy and "too much" of a website, could be more professional and cleaned out.', NULL, 'new', false, '0.00', '0.00', '0.00', NULL, '0', '2026-06-05 23:28:18.279545+00', '2026-06-22 15:21:32.607054+00'),
  ('11dc5cda-bbca-4ef8-883c-d5971ada4202', '421ca455-25a4-4a05-beb9-e558b70ecce0', 'Foundation Pressure & Soft Wash Inc.', 'Home Services', NULL, NULL, '(954) 226-9161', 'https://foundationpsw.wixsite.com/website/get-a-quote', NULL, 'Rohan Rahman (Admin)', 'not_contacted', NULL, NULL, 'warm', 'Extremely Buns website. Booking software is just information to get reached out, and watermark from WIX. ', NULL, 'new', false, '0.00', '0.00', '0.00', NULL, '0', '2026-06-06 01:27:08.506653+00', '2026-06-22 15:21:32.607054+00'),
  ('1869f4f9-450a-46cc-83cf-a61bf6402db0', '421ca455-25a4-4a05-beb9-e558b70ecce0', 'Johnston Renovations', 'Remodelling', NULL, NULL, '6829365093', 'no website', 'b8726cb7-6aca-4b29-aa8b-022cd00f7424', 'Afeef Zarraf', 'not_contacted', NULL, NULL, 'warm', 'No website, only a google page, family owned', NULL, 'new', false, '0.00', '0.00', '0.00', NULL, '0', '2026-06-02 14:20:34.786521+00', '2026-06-02 14:20:34.786521+00'),
  ('1ad4770b-2a7d-4fdf-b7db-d52dd6cba358', '421ca455-25a4-4a05-beb9-e558b70ecce0', 'Longhorn Inc.', 'Landscaping ', NULL, NULL, '972-406-0222', 'https://www.longhorninc.com/', NULL, 'Rohan Rahman (Admin)', 'not_contacted', NULL, NULL, 'warm', 'Outdated Website. Needs remodel.', NULL, 'new', false, '0.00', '0.00', '0.00', NULL, '0', '2026-06-06 02:58:16.507559+00', '2026-06-22 15:21:32.607054+00'),
  ('1b92061a-eb22-4cfe-ad74-a67a0671b74f', '421ca455-25a4-4a05-beb9-e558b70ecce0', 'Onehourair Dallas', NULL, NULL, NULL, '682-343-8910', 'https://www.onehourairdallas.com/?utm_source=organic&utm_medium=gbp', NULL, 'Rohan Rahman (Admin)', 'not_contacted', NULL, NULL, 'cold', 'Website is all over the place. Good branding but can definitely be more improved, and booking software needs to be updated.', NULL, 'new', false, '0.00', '0.00', '0.00', NULL, '0', '2026-06-09 02:19:32.686752+00', '2026-06-22 15:21:32.607054+00'),
  ('1d9bb423-70cb-4614-ae0b-deb419f0b96f', '421ca455-25a4-4a05-beb9-e558b70ecce0', 'On-Time Experts', 'HVAC and Plumbing', NULL, NULL, '281-694-7946', 'https://www.theontimeexperts.com/?utm_source=google&utm_medium=organic&utm_campaign=GMBListing-Mckinney-TX', NULL, 'Rohan Rahman (Admin)', 'not_contacted', NULL, NULL, 'warm', 'Outdated and can be cleaned up.', NULL, 'new', false, '0.00', '0.00', '0.00', NULL, '0', '2026-06-05 23:30:20.197346+00', '2026-06-22 15:21:32.607054+00'),
  ('2610ee99-8b1b-436d-97f4-7a527136e787', '421ca455-25a4-4a05-beb9-e558b70ecce0', 'Lovejoy HVAC LLC', 'HVAC', NULL, NULL, ' (469) 617-3690', 'https://lovejoyhvac.com/', NULL, 'Rohan Rahman (Admin)', 'not_contacted', NULL, NULL, 'cold', 'Horrible website and no booking software.', NULL, 'new', false, '0.00', '0.00', '0.00', NULL, '0', '2026-06-05 23:25:37.451561+00', '2026-06-22 15:21:32.607054+00'),
  ('29ba482b-cb03-4361-ad65-ded4c65cadd9', '421ca455-25a4-4a05-beb9-e558b70ecce0', 'B Whole Aesthetics and Wellness', 'Med Spa', NULL, NULL, '+12146438048', 'http://www.bwholeaesthetics.com/', 'b8726cb7-6aca-4b29-aa8b-022cd00f7424', 'Afeef Zarraf', 'not_contacted', NULL, NULL, 'cold', 'website doesn''t open, hosting expired.', NULL, 'new', false, '0.00', '0.00', '0.00', NULL, '0', '2026-05-30 05:45:47.664641+00', '2026-05-30 05:45:47.664641+00'),
  ('316ab70c-2e00-496c-87c2-e1e4b2ae5f6e', '421ca455-25a4-4a05-beb9-e558b70ecce0', 'XF Hauling & Powerwashing', 'Pressure Washing/Home Services', NULL, NULL, '(832) 306-2529', NULL, NULL, 'Rohan Rahman (Admin)', 'not_contacted', NULL, NULL, 'warm', 'Website is invalid, or expired.', NULL, 'new', false, '0.00', '0.00', '0.00', NULL, '0', '2026-06-06 01:22:17.941882+00', '2026-06-22 15:21:32.607054+00'),
  ('3610d149-8f07-4044-97e9-f3209f94ceb7', '421ca455-25a4-4a05-beb9-e558b70ecce0', 'LOS ANGELES BARBER • ALEX', NULL, 'LOS ANGELES BARBER • ALEX', NULL, NULL, '@alexxcutzzzz', NULL, 'Rohan Rahman (Admin)', 'not_contacted', NULL, NULL, 'hot', 'Established LA-area barber with a defined personal brand, clear location, and strong niche presence suggesting missing booking/website infrastructure.
Pitch: "Hey Alex, your cuts are 🔥 — we help barbers in LA turn their Instagram following into a fully booked schedule with a professional site and online booking system!"', NULL, 'new', false, '0.00', '0.00', '0.00', NULL, '0', '2026-05-28 21:00:10.643696+00', '2026-05-28 21:01:31.246125+00'),
  ('36b0baa5-fdbf-4283-843a-e771aaebb182', '421ca455-25a4-4a05-beb9-e558b70ecce0', 'THT Air Solutions Heating & Cooling', 'HVAC', NULL, NULL, '(214) 575-2323', NULL, NULL, 'Rohan Rahman (Admin)', 'not_contacted', NULL, NULL, 'warm', 'No Website, listed on Facebook. Advertised as family business of 25+ years.', NULL, 'new', false, '0.00', '0.00', '0.00', NULL, '0', '2026-06-05 23:34:35.934602+00', '2026-06-22 15:21:32.607054+00'),
  ('380fbee4-786e-430b-b367-297da7efeb21', '421ca455-25a4-4a05-beb9-e558b70ecce0', 'Plano Home Renovation', 'Home Services', NULL, NULL, 'https://planohomerenovation.com/', 'https://planohomerenovation.com/', NULL, 'Rohan Rahman (Admin)', 'not_contacted', NULL, NULL, 'cold', 'Could use brand new website, outdated.', NULL, 'new', false, '0.00', '0.00', '0.00', NULL, '0', '2026-06-06 02:44:36.362032+00', '2026-06-22 15:21:32.607054+00'),
  ('3bf68585-6cdb-4898-88ee-76e34431514e', '421ca455-25a4-4a05-beb9-e558b70ecce0', 'Wash This NTX', 'Pressure Washing/Home Services', NULL, NULL, '(972) 805-7955', 'https://www.washthisntx.com/', NULL, 'Rohan Rahman (Admin)', 'not_contacted', NULL, NULL, 'cold', 'Outdated, bad booking software.', NULL, 'new', false, '0.00', '0.00', '0.00', NULL, '0', '2026-06-06 01:17:27.636076+00', '2026-06-22 15:21:32.607054+00'),
  ('48cae3be-b9a0-4c16-a897-af2d84638408', '421ca455-25a4-4a05-beb9-e558b70ecce0', 'Láser Boutique Hair Removal, depilación láser', 'Medspa', NULL, NULL, '(214) 682-5583', NULL, NULL, 'Rohan Rahman (Admin)', 'not_contacted', NULL, NULL, 'cold', 'Has appointment site but no legit website. ', NULL, 'new', false, '0.00', '0.00', '0.00', NULL, '0', '2026-06-06 02:47:03.060644+00', '2026-06-22 15:21:32.607054+00'),
  ('4af94a56-01fc-43c5-aeda-8821496e8a7a', '421ca455-25a4-4a05-beb9-e558b70ecce0', 'The Smart Fix Handyman LLC', 'Remodeling', NULL, NULL, '(817) 890-5277', 'No website', 'b8726cb7-6aca-4b29-aa8b-022cd00f7424', 'Afeef Zarraf', 'not_contacted', NULL, NULL, 'warm', 'Has no website, been in business for 4+ years, not many reviews, family owned.', NULL, 'new', false, '0.00', '0.00', '0.00', NULL, '0', '2026-06-02 14:24:01.95908+00', '2026-06-02 14:24:01.95908+00'),
  ('4e1df1f9-2578-4354-bab7-6e19a79ade56', '421ca455-25a4-4a05-beb9-e558b70ecce0', 'TZT Best Roofing & Construction', NULL, 'TZT Best Roofing & Construction', NULL, NULL, '@tztbestroofing', NULL, 'Rohan Rahman (Admin)', 'not_contacted', NULL, NULL, 'hot', 'Roofing and construction business in Houston, a large high-demand market, signals strong revenue potential and competitive SEO landscape where digital presence is critical.
Pitch: "Hey [Name], Houston''s roofing market is incredibly competitive — we help roofing companies like TZT dominate local search results and turn website visitors into booked jobs through SEO and high-converting web design."', NULL, 'new', false, '0.00', '0.00', '0.00', NULL, '0', '2026-05-27 22:22:16.128505+00', '2026-05-30 05:34:02.242291+00'),
  ('527a83ae-4532-466c-b6c8-bd9196d60b1e', '421ca455-25a4-4a05-beb9-e558b70ecce0', 'USA Storm Roofing and Construction Group', NULL, 'USA Storm Roofing and Construction Group', NULL, NULL, '@usastormroofing', NULL, 'Rohan Rahman (Admin)', 'not_contacted', NULL, NULL, 'hot', 'Established roofing and construction group with a national-sounding brand, suggesting multiple locations and strong revenue potential with likely digital gaps to exploit.
Pitch: "Hey [Name], I came across USA Storm Roofing and Construction Group and was impressed by your operation — I help roofing companies like yours turn their online presence into a consistent lead-generation machine through professional websites and SEO."', NULL, 'new', false, '0.00', '0.00', '0.00', NULL, '0', '2026-05-27 22:22:15.699742+00', '2026-05-30 05:34:08.291741+00'),
  ('5a50b462-907a-45e7-b7c6-a3fbb614c7c6', '421ca455-25a4-4a05-beb9-e558b70ecce0', 'The Sculpt Lab Massage Lounge', 'Med Spa', NULL, NULL, '+12145852768', 'https://t.mtrbio.com/thesculptlab', 'b8726cb7-6aca-4b29-aa8b-022cd00f7424', 'Afeef Zarraf', 'not_contacted', NULL, NULL, 'cold', 'Atrocious website made me want to puke, also doesn''t have to many reviews but seems to be a good spa.', NULL, 'new', false, '0.00', '0.00', '0.00', NULL, '0', '2026-05-30 05:50:54.103049+00', '2026-05-30 05:50:54.103049+00'),
  ('5c359052-43c1-493d-b323-4284fcdcd9c9', '421ca455-25a4-4a05-beb9-e558b70ecce0', 'Smith elite pressure & soft wash llc', 'Home Services', NULL, NULL, '(769) 237-1985', NULL, NULL, 'Rohan Rahman (Admin)', 'not_contacted', NULL, NULL, 'cold', 'Smaller company, not as high ticket, but no website.', NULL, 'new', false, '0.00', '0.00', '0.00', NULL, '0', '2026-06-06 01:28:11.682358+00', '2026-06-22 15:21:32.607054+00'),
  ('63ae3246-9265-4686-817d-be1b608f9207', '421ca455-25a4-4a05-beb9-e558b70ecce0', 'ALL SWEET HOME LLC', 'Home Services', NULL, NULL, '(469) 919-6742', NULL, NULL, 'Rohan Rahman (Admin)', 'not_contacted', NULL, NULL, 'warm', 'No Website, 3+ years in Frisco.', NULL, 'new', false, '0.00', '0.00', '0.00', NULL, '0', '2026-06-06 02:42:29.808938+00', '2026-06-22 15:21:32.607054+00'),
  ('67700cd6-3d3f-4266-95b5-31fd467955ca', '421ca455-25a4-4a05-beb9-e558b70ecce0', 'KMI HVAC', 'HVAC', NULL, NULL, '972-382-1110', 'https://www.kmi-hvac.com/', NULL, 'Rohan Rahman (Admin)', 'not_contacted', NULL, NULL, 'warm', 'Could use full website redesign as well as updated booking software.', NULL, 'new', false, '0.00', '0.00', '0.00', NULL, '0', '2026-06-05 23:36:41.383102+00', '2026-06-22 15:21:32.607054+00'),
  ('6a169d03-e883-418e-9d71-7d9d80e94697', '421ca455-25a4-4a05-beb9-e558b70ecce0', 'PSI Guys Texas', 'Pressure Washing', NULL, NULL, '(469) 808-9102', 'https://psiguystx.com/', NULL, 'Rohan Rahman (Admin)', 'not_contacted', NULL, NULL, 'warm', 'Horrible Header and Branding. Rest of the website is decent overall.', NULL, 'new', false, '0.00', '0.00', '0.00', NULL, '0', '2026-06-06 01:20:44.372488+00', '2026-06-22 15:21:32.607054+00'),
  ('7cc4b8cc-7fa9-462d-92cd-d0581b4dee87', '421ca455-25a4-4a05-beb9-e558b70ecce0', 'Water Workz LLC', 'Pressure Washing/Home Services', NULL, NULL, NULL, 'https://waterworkztx.com/', NULL, 'Rohan Rahman (Admin)', 'not_contacted', NULL, NULL, 'cold', 'Looks like site is being rebuilded. Unsure if there is already service being provided.', NULL, 'new', false, '0.00', '0.00', '0.00', NULL, '0', '2026-06-06 01:18:53.306406+00', '2026-06-22 15:21:32.607054+00'),
  ('8146d60a-4ec5-4433-8535-c031f76b84aa', '421ca455-25a4-4a05-beb9-e558b70ecce0', 'AIRCRAFT AC AND HEAT', 'HVAC', NULL, NULL, '(469) 247-9832', 'https://www.aircraftacandheat.com/?utm_source=google&utm_medium=wix_google_business_profile&utm_campaign=14456439732888173995', NULL, 'Rohan Rahman (Admin)', 'not_contacted', NULL, NULL, 'warm', 'Glitchy website and overlays don''t match. Booking software could use updates.', NULL, 'new', false, '0.00', '0.00', '0.00', NULL, '0', '2026-06-06 00:01:29.447022+00', '2026-06-22 15:21:32.607054+00'),
  ('83205d42-97df-4563-a4d8-d722316bb8bd', '421ca455-25a4-4a05-beb9-e558b70ecce0', 'JMP Plumbing Services', 'Home Services', NULL, 'admin@jmpps.net', '469-337-3725', 'https://jmpplumbingservices.com/', NULL, 'Rohan Rahman (Admin)', 'not_contacted', NULL, NULL, 'warm', 'Dashboard of Website needs full redesign ', NULL, 'new', false, '0.00', '0.00', '0.00', NULL, '0', '2026-06-04 05:24:28.291646+00', '2026-06-22 15:21:32.607054+00'),
  ('83bb0b50-23db-437b-ae47-85c1be9cb9fd', '421ca455-25a4-4a05-beb9-e558b70ecce0', 'Sapphire Pressure Washing', 'Pressure Washing/Home Services', NULL, NULL, '(469) 331-5450', NULL, NULL, 'Rohan Rahman (Admin)', 'not_contacted', NULL, NULL, 'warm', 'May have a website, however could not find a directed link on Google.
Serving Frisco community for 5+ years.', NULL, 'new', false, '0.00', '0.00', '0.00', NULL, '0', '2026-06-06 01:12:27.452597+00', '2026-06-22 15:21:32.607054+00'),
  ('8ccbb866-64e3-4c45-a9cd-aee8b85487d7', '421ca455-25a4-4a05-beb9-e558b70ecce0', 'Advantage Remodeling and roofing', 'Remodeling and Roofing', NULL, NULL, '2143070249', 'no website', 'b8726cb7-6aca-4b29-aa8b-022cd00f7424', 'Afeef Zarraf', 'not_contacted', NULL, NULL, 'warm', 'Has no website, locally owned and operated, 18+ years in business and only 130 reviews.', NULL, 'new', false, '0.00', '0.00', '0.00', NULL, '0', '2026-06-02 14:29:15.284628+00', '2026-06-02 14:29:15.284628+00'),
  ('8e28f186-bcad-482d-aef1-768d970ce401', '421ca455-25a4-4a05-beb9-e558b70ecce0', 'S Glowic MedSpa', 'Med Spa', NULL, NULL, '+18172581879', 'https://sglowic.com/', 'b8726cb7-6aca-4b29-aa8b-022cd00f7424', 'Afeef Zarraf', 'not_contacted', NULL, NULL, 'cold', 'Website very glitchy and pics look hella tacky', NULL, 'new', false, '0.00', '0.00', '0.00', NULL, '0', '2026-05-30 05:42:57.789471+00', '2026-05-30 05:42:57.789471+00'),
  ('8ec7b561-d8d0-4087-aeb4-faec85dbcc50', '421ca455-25a4-4a05-beb9-e558b70ecce0', 'SNIPCRAFT', NULL, 'SNIPCRAFT', NULL, NULL, '@snip.craft', NULL, 'Rohan Rahman (Admin)', 'not_contacted', NULL, NULL, 'warm', 'Branded barber business with a clean handle but no location or scale indicators to confirm budget readiness or digital gaps.
Pitch: "Hey SNIPCRAFT, your brand has a sharp identity — we help barber businesses like yours turn that into a high-converting website with online booking that keeps chairs full!"', NULL, 'new', false, '0.00', '0.00', '0.00', NULL, '0', '2026-05-28 21:00:11.485648+00', '2026-05-28 21:01:23.440738+00'),
  ('90ca78f8-2c9b-4e3c-8176-38a69053f6e5', '421ca455-25a4-4a05-beb9-e558b70ecce0', 'The FadeShop', 'Salon/Barbershop', NULL, NULL, '(469) 573-9600', NULL, NULL, 'Rohan Rahman (Admin)', 'not_contacted', NULL, NULL, 'cold', 'Website needs a full redesign, extremely outdated.', NULL, 'new', false, '0.00', '0.00', '0.00', NULL, '0', '2026-06-04 05:07:50.233817+00', '2026-06-22 15:21:32.607054+00'),
  ('963b3315-a574-4805-96d9-6b8b7523c41a', '421ca455-25a4-4a05-beb9-e558b70ecce0', 'Muse the Salon', 'Salon', NULL, NULL, '(469) 399-6300', 'https://musesalondallas.com/', NULL, 'Rohan Rahman (Admin)', 'not_contacted', NULL, NULL, 'cold', 'Low quality website and booking software.', NULL, 'new', false, '0.00', '0.00', '0.00', NULL, '0', '2026-06-09 02:06:07.124853+00', '2026-06-22 15:21:32.607054+00'),
  ('96719950-31de-454e-9dde-fc3737a58294', '421ca455-25a4-4a05-beb9-e558b70ecce0', 'SV Elite Plumbing', 'Home Services', NULL, NULL, '(214) 934-8025', 'https://homeguide.com/tx/lewisville/handyman/united-multi-services-_A30xzCQ0', NULL, 'Rohan Rahman (Admin)', 'not_contacted', NULL, NULL, 'warm', 'Found on Home guide. No website.', NULL, 'new', false, '0.00', '0.00', '0.00', NULL, '0', '2026-06-06 03:03:07.494001+00', '2026-06-22 15:21:32.607054+00'),
  ('977e7eee-bdc4-4010-8281-8156ade20d65', '421ca455-25a4-4a05-beb9-e558b70ecce0', 'Valley Ranch Dental', 'Dental Office', NULL, NULL, '(972) 597 2227', 'https://valleyranchdental.com/appointments/', NULL, 'Rohan Rahman (Admin)', 'not_contacted', NULL, NULL, 'warm', 'Needs new website especially the dashboard, booking software is decent. ', NULL, 'new', false, '0.00', '0.00', '0.00', NULL, '0', '2026-06-04 05:30:24.397268+00', '2026-06-22 15:21:32.607054+00'),
  ('998ef01b-e4b8-406e-8682-84ea675f994b', '421ca455-25a4-4a05-beb9-e558b70ecce0', 'Bigger Better Hair Salon', 'Salon', NULL, NULL, ' (214) 734-6596', 'https://biggerbetterhair.com/', NULL, 'Rohan Rahman (Admin)', 'not_contacted', NULL, NULL, 'warm', 'Outdated Website and booking software doesn''t seem to work for me.', NULL, 'new', false, '0.00', '0.00', '0.00', NULL, '0', '2026-06-12 02:46:47.975273+00', '2026-06-22 15:21:32.607054+00'),
  ('9d5bbf7b-dafd-40c5-a72b-9f71d8e11193', '421ca455-25a4-4a05-beb9-e558b70ecce0', 'PeakFlow Media', NULL, 'PeakFlow Media', NULL, NULL, '@peakflowmedia.co', NULL, 'Rohan Rahman (Admin)', 'not_contacted', NULL, NULL, 'cold', 'PeakFlow Media is clearly a media/marketing agency, making them a competitor rather than a qualified prospect.', NULL, 'new', false, '0.00', '0.00', '0.00', NULL, '0', '2026-05-27 22:22:18.421644+00', '2026-05-30 05:33:41.55663+00'),
  ('a110e7e7-8e5e-442d-84fa-7e8b2e8a4e34', '421ca455-25a4-4a05-beb9-e558b70ecce0', 'Fixx-it-foxx Air Conditioning Repair', 'HVAC/Repair', NULL, NULL, '(469) 428-5782', 'https://www.fixxitfoxxac.com/', NULL, 'Rohan Rahman (Admin)', 'not_contacted', NULL, NULL, 'warm', 'Website is extremely outdated and can use better outreach.', NULL, 'new', false, '0.00', '0.00', '0.00', NULL, '0', '2026-06-04 05:10:32.277595+00', '2026-06-22 15:21:32.607054+00'),
  ('a2457ba7-7d0f-4588-a2c5-aacf4f13d6ad', '421ca455-25a4-4a05-beb9-e558b70ecce0', 'DUO Salon', 'Salon', NULL, NULL, '(469) 867-3287', 'https://www.theduosalon.com/', NULL, 'Rohan Rahman (Admin)', 'not_contacted', NULL, NULL, 'cold', 'Could use a better dashboard and improved booking software. Images are all over the place.', NULL, 'new', false, '0.00', '0.00', '0.00', NULL, '0', '2026-06-09 02:15:45.544424+00', '2026-06-22 15:21:32.607054+00'),
  ('a4b6b255-8e6e-4e0c-90d7-aa40db22297c', '421ca455-25a4-4a05-beb9-e558b70ecce0', 'Longhorn Plumbing', 'Home Services', NULL, NULL, '(469) 534-8323', NULL, NULL, 'Rohan Rahman (Admin)', 'not_contacted', NULL, NULL, 'warm', 'No Website, on other websites such a Yelp and Home Advisor.', NULL, 'new', false, '0.00', '0.00', '0.00', NULL, '0', '2026-06-06 03:00:01.970625+00', '2026-06-22 15:21:32.607054+00'),
  ('a650715b-8e67-4d8e-8cc9-e218beea42ec', '421ca455-25a4-4a05-beb9-e558b70ecce0', 'OneSource Roofing and Restoration', 'Home Service', NULL, NULL, '(972) 928-2988', NULL, 'b8726cb7-6aca-4b29-aa8b-022cd00f7424', 'Afeef Zarraf', 'not_contacted', NULL, NULL, 'cold', NULL, NULL, 'new', false, '0.00', '0.00', '0.00', NULL, '0', '2026-05-30 05:02:59.844428+00', '2026-05-30 05:02:59.844428+00'),
  ('a785ed7b-0d4a-4b8c-b639-7f63a0538e28', '421ca455-25a4-4a05-beb9-e558b70ecce0', 'Salon 5014', 'Medspa/Salon', NULL, NULL, '(469) 426-4308', 'https://www.salon5014.com/', NULL, 'Rohan Rahman (Admin)', 'not_contacted', NULL, NULL, 'warm', 'Low quality websites, could use AI automation.', NULL, 'new', false, '0.00', '0.00', '0.00', NULL, '0', '2026-06-09 02:02:52.075417+00', '2026-06-22 15:21:32.607054+00'),
  ('b47dfee5-26e2-43af-bd91-374df2bff2ac', '421ca455-25a4-4a05-beb9-e558b70ecce0', '4-Tex Softwash LLC', 'Pressure Washing/Home Services', NULL, NULL, ' (972) 757-8410', NULL, NULL, 'Rohan Rahman (Admin)', 'not_contacted', NULL, NULL, 'hot', 'Looks like they had a website with Clickwise Design, however website is terminated. Business is potentially looking for a new service supplier.', NULL, 'new', false, '0.00', '0.00', '0.00', NULL, '0', '2026-06-06 01:15:29.672+00', '2026-06-22 15:21:32.607054+00'),
  ('ce7bd036-5738-47ef-87db-02bfebffe40f', '421ca455-25a4-4a05-beb9-e558b70ecce0', 'Streamline Enterprises Inc', NULL, 'Streamline Enterprises Inc', NULL, NULL, '@streamline_enterprisesinc', NULL, 'Rohan Rahman (Admin)', 'not_contacted', NULL, NULL, 'warm', 'Generic enterprise name with no clear roofing-specific branding makes it hard to confirm niche fit or digital need without further research.
Pitch: "Hey [Name], I noticed Streamline Enterprises and wanted to reach out — if you''re in the contracting or home services space, we specialize in helping companies like yours scale through targeted digital marketing and high-converting websites."', NULL, 'new', false, '0.00', '0.00', '0.00', NULL, '0', '2026-05-27 22:22:17.645302+00', '2026-05-30 05:33:48.76044+00'),
  ('d23e2c1f-660d-41f2-9054-8e3508a12034', '421ca455-25a4-4a05-beb9-e558b70ecce0', 'Grunt Work Industrial Services LLC', 'Home Services', NULL, NULL, '(214) 449-4537', 'https://www.gruntworkspropertyservicetx.com/', NULL, 'Rohan Rahman (Admin)', 'not_contacted', NULL, NULL, 'warm', 'Dated website, barely any social connection, no booking software other than calling.', NULL, 'new', false, '0.00', '0.00', '0.00', NULL, '0', '2026-06-06 01:24:34.08007+00', '2026-06-22 15:21:32.607054+00'),
  ('d72c0cdf-f043-4f47-8a32-b34896a85778', '421ca455-25a4-4a05-beb9-e558b70ecce0', 'Earthbound Skin Spa', 'Medspa', NULL, NULL, '(972) 901-0010', 'https://www.earthboundskin.com/', NULL, 'Rohan Rahman (Admin)', 'not_contacted', NULL, NULL, 'cold', 'Existing website and booking software is outdated. Bland dashboard. Good branding and logo.', NULL, 'new', false, '0.00', '0.00', '0.00', NULL, '0', '2026-06-06 02:49:16.21782+00', '2026-06-22 15:21:32.607054+00'),
  ('d97aef12-f9b2-4a14-b2bc-e2c1f7790f04', '421ca455-25a4-4a05-beb9-e558b70ecce0', 'Future Design & Build', 'Home Remodel', NULL, NULL, '(469) 253-8492', 'no website', 'b8726cb7-6aca-4b29-aa8b-022cd00f7424', 'Afeef Zarraf', 'not_contacted', NULL, NULL, 'warm', 'They have no website, 3+ years in business, serves plano, locally owned.', NULL, 'new', false, '0.00', '0.00', '0.00', NULL, '0', '2026-06-02 14:35:46.136414+00', '2026-06-02 14:35:46.136414+00'),
  ('da041045-319a-466e-97ac-51098f2f34ba', '421ca455-25a4-4a05-beb9-e558b70ecce0', 'Hercules Roof Systems', 'Home Service', NULL, NULL, '(469) 444-8559', NULL, 'b8726cb7-6aca-4b29-aa8b-022cd00f7424', 'Afeef Zarraf', 'not_contacted', NULL, NULL, 'cold', NULL, NULL, 'new', false, '0.00', '0.00', '0.00', NULL, '0', '2026-05-30 05:01:46.476739+00', '2026-05-30 05:01:46.476739+00'),
  ('ee2777e5-43e1-4007-be39-1cf925b5a943', '421ca455-25a4-4a05-beb9-e558b70ecce0', 'JV ROOFING INC', NULL, 'JV ROOFING INC', NULL, NULL, '@jvroofinginc2024', NULL, 'Rohan Rahman (Admin)', 'not_contacted', NULL, NULL, 'warm', 'Legitimate roofing business but the 2024 handle suggests a newer operation, meaning smaller budget and less established digital presence to build urgency around.
Pitch: "Hey [Name], congrats on launching JV Roofing — if you''re looking to hit the ground running in Cambria and start generating leads online fast, we build roofing websites and local SEO strategies designed to get you found quickly."', NULL, 'new', false, '0.00', '0.00', '0.00', NULL, '0', '2026-05-27 22:22:16.951216+00', '2026-05-30 05:33:54.777207+00'),
  ('f1e49c02-fec1-499d-b0d7-512fe9775167', '421ca455-25a4-4a05-beb9-e558b70ecce0', 'FPP Plumbing ', 'Home Service', NULL, NULL, '980-899-7997 or 469-998-8999', 'https://fppplumbing.com/plumber-frisco-tx/', NULL, 'Rohan Rahman (Admin)', 'not_contacted', NULL, NULL, 'warm', 'Needs full website redesign and reformat application formm.', NULL, 'new', false, '0.00', '0.00', '0.00', NULL, '0', '2026-06-04 05:20:59.211647+00', '2026-06-22 15:21:32.607054+00'),
  ('fc2a883e-5840-4ae7-8ae2-23f108fe32d1', '421ca455-25a4-4a05-beb9-e558b70ecce0', 'Blue Nail Roofing & Construction', 'Roofing', NULL, NULL, '(469) 228-4542', 'no website', 'b8726cb7-6aca-4b29-aa8b-022cd00f7424', 'Afeef Zarraf', 'not_contacted', NULL, NULL, 'warm', 'Doesn''t have a website, locally owned and operated, 17+ years in business and only 329 reviews.', NULL, 'new', false, '0.00', '0.00', '0.00', NULL, '0', '2026-06-02 14:26:51.789957+00', '2026-06-02 14:26:51.789957+00')
ON CONFLICT (id) DO NOTHING;

-- 4. TRANSACTIONS
INSERT INTO transactions (id, organization_id, type, amount, category, description, client_id, date, created_at) VALUES
  ('08b97720-3803-4ab6-a4f2-b1fd2c1f0903', '421ca455-25a4-4a05-beb9-e558b70ecce0', 'income', '7100.00', 'Retainer', 'Orion Financial — May Retainer', '052c6808-482f-4df0-8c77-17c68cfddb9a', '2026-05-01', '2026-05-24 04:35:55.130503+00'),
  ('0ad30035-900e-47f1-821d-fe85edb4f376', '421ca455-25a4-4a05-beb9-e558b70ecce0', 'income', '5200.00', 'Retainer', 'Meridian Media Group — April Retainer', '83afea24-8906-40d6-9904-9a218598f156', '2026-04-01', '2026-05-24 04:35:55.306041+00'),
  ('0cd82567-28d7-4e23-a14a-ad269a7585a8', '421ca455-25a4-4a05-beb9-e558b70ecce0', 'income', '8500.00', 'Retainer', 'TechFlow Solutions — April Retainer', 'a723577c-cad9-43e2-98c7-2538194425a1', '2026-04-01', '2026-05-24 04:35:55.250729+00'),
  ('19ba0a60-b170-477b-9eff-29481993db5c', '421ca455-25a4-4a05-beb9-e558b70ecce0', 'income', '8500.00', 'Retainer', 'TechFlow Solutions — March Retainer', 'a723577c-cad9-43e2-98c7-2538194425a1', '2026-03-01', '2026-05-24 04:35:55.606357+00'),
  ('218fac4b-c136-4179-aab2-07d8be6a9be9', '421ca455-25a4-4a05-beb9-e558b70ecce0', 'expense', '1500.00', 'Contractor', 'Copywriter — Meridian brand content', NULL, '2026-01-20', '2026-05-24 04:35:57.5553+00'),
  ('2ce4cfaf-893c-442e-9ea8-86d0f5b24b07', '421ca455-25a4-4a05-beb9-e558b70ecce0', 'income', '8500.00', 'Retainer', 'TechFlow Solutions — May Retainer', 'a723577c-cad9-43e2-98c7-2538194425a1', '2026-05-01', '2026-05-24 04:35:54.157264+00'),
  ('36d9ead4-8e5a-4560-a6b5-fde797230c82', '421ca455-25a4-4a05-beb9-e558b70ecce0', 'expense', '312.00', 'Software/Tools', 'Anthropic API — May usage', NULL, '2026-05-01', '2026-05-24 04:35:56.479348+00'),
  ('375c5da5-b0cf-4f17-af7d-9e00a8b0814e', '421ca455-25a4-4a05-beb9-e558b70ecce0', 'income', '3800.00', 'Retainer', 'Apex Retail — May Retainer', 'e158cefb-bc0b-49ea-898d-19fd1ed7cebe', '2026-05-02', '2026-05-24 04:35:55.188814+00'),
  ('3c206735-1690-482b-a205-9e2534338f45', '421ca455-25a4-4a05-beb9-e558b70ecce0', 'income', '18000.00', 'Project Fee', 'TechFlow AI Suite — Phase 1 Milestone', 'a723577c-cad9-43e2-98c7-2538194425a1', '2026-04-18', '2026-05-24 04:35:55.543185+00'),
  ('4ad97d44-7357-4cb9-b24a-3b2ebb1df360', '421ca455-25a4-4a05-beb9-e558b70ecce0', 'expense', '4500.00', 'Contractor', 'Dev Contractor — Orion Portal build', NULL, '2026-03-15', '2026-05-24 04:35:57.014355+00'),
  ('4c414653-542d-4b28-804d-ab6533adfa35', '421ca455-25a4-4a05-beb9-e558b70ecce0', 'income', '8750.00', 'Project Fee', 'NorthStar — Discovery & Scoping Phase', '9d804618-8cc4-432c-ade9-9c8fc31f86d2', '2026-01-22', '2026-05-24 04:35:56.352949+00'),
  ('4f8b8a45-a134-4156-b791-7341812569ec', '421ca455-25a4-4a05-beb9-e558b70ecce0', 'income', '4200.00', 'Retainer', 'BluePeak Studios — March Retainer', 'a4592865-45cd-411c-87dc-f994c08ecf91', '2026-03-01', '2026-05-24 04:35:55.84345+00'),
  ('524d7ab1-c2b5-4db4-a7f8-8a7699500ffa', '421ca455-25a4-4a05-beb9-e558b70ecce0', 'income', '7100.00', 'Retainer', 'Orion Financial — April Retainer', '052c6808-482f-4df0-8c77-17c68cfddb9a', '2026-04-01', '2026-05-24 04:35:55.430108+00'),
  ('586b7609-cfbd-4dfe-b0cb-567540bdd6a9', '421ca455-25a4-4a05-beb9-e558b70ecce0', 'income', '28500.00', 'Project Fee', 'Meridian — Brand Overhaul Final Payment', '83afea24-8906-40d6-9904-9a218598f156', '2026-03-16', '2026-05-24 04:35:55.904933+00'),
  ('5a9b8011-2b0d-45c6-aaca-2cad505df064', '421ca455-25a4-4a05-beb9-e558b70ecce0', 'income', '8500.00', 'Retainer', 'TechFlow Solutions — January Retainer', 'a723577c-cad9-43e2-98c7-2538194425a1', '2026-01-06', '2026-05-24 04:35:56.238358+00'),
  ('5e10acb8-a5dd-47e0-9520-522bef991494', '421ca455-25a4-4a05-beb9-e558b70ecce0', 'expense', '149.00', 'Software/Tools', 'Figma / Adobe — May subscription', NULL, '2026-05-01', '2026-05-24 04:35:56.613788+00'),
  ('5ff052b5-0d20-4e0d-aad8-ddcac6a6ad2f', '421ca455-25a4-4a05-beb9-e558b70ecce0', 'expense', '149.00', 'Software/Tools', 'Figma / Adobe — January subscription', NULL, '2026-01-01', '2026-05-24 04:35:57.624663+00'),
  ('66a7a8a7-ff73-4076-86be-0ce73c867ead', '421ca455-25a4-4a05-beb9-e558b70ecce0', 'income', '2800.00', 'Consultation Fee', 'Vertex Analytics — Final Consultation', '0bbb478d-a648-42de-bed8-2b0616b0712c', '2026-01-30', '2026-05-24 04:35:56.414733+00'),
  ('6b3b0d60-8bc6-4ccf-9ae1-c56d9654f127', '421ca455-25a4-4a05-beb9-e558b70ecce0', 'expense', '149.00', 'Software/Tools', 'Figma / Adobe — March subscription', NULL, '2026-03-01', '2026-05-24 04:35:57.14019+00'),
  ('6dece57d-9580-42c7-a0b2-395c6af67244', '421ca455-25a4-4a05-beb9-e558b70ecce0', 'income', '4200.00', 'Retainer', 'BluePeak Studios — April Retainer', 'a4592865-45cd-411c-87dc-f994c08ecf91', '2026-04-01', '2026-05-24 04:35:55.366232+00'),
  ('787c26bd-cf35-4bc4-b49f-a484a5df138d', '421ca455-25a4-4a05-beb9-e558b70ecce0', 'income', '5200.00', 'Retainer', 'Meridian Media Group — February Retainer', '83afea24-8906-40d6-9904-9a218598f156', '2026-02-03', '2026-05-24 04:35:56.024729+00'),
  ('7ab421f8-8fc1-4ace-8473-85a7d409ba0a', '421ca455-25a4-4a05-beb9-e558b70ecce0', 'income', '7100.00', 'Retainer', 'Orion Financial — January Retainer', '052c6808-482f-4df0-8c77-17c68cfddb9a', '2026-01-06', '2026-05-24 04:35:56.30375+00'),
  ('7db15db4-34e7-4484-b33c-372605a4b85c', '421ca455-25a4-4a05-beb9-e558b70ecce0', 'expense', '89.00', 'Software/Tools', 'Supabase + Vercel — January hosting', NULL, '2026-01-01', '2026-05-24 04:35:57.491861+00'),
  ('7e86d564-6451-478e-ba8e-fc11a2264191', '421ca455-25a4-4a05-beb9-e558b70ecce0', 'expense', '89.00', 'Software/Tools', 'Supabase + Vercel — March hosting', NULL, '2026-03-01', '2026-05-24 04:35:56.95711+00'),
  ('81ebe73e-66f6-40d5-a538-917b54d135cd', '421ca455-25a4-4a05-beb9-e558b70ecce0', 'expense', '287.00', 'Software/Tools', 'Anthropic API — April usage', NULL, '2026-04-01', '2026-05-24 04:35:56.660891+00'),
  ('858219c4-93b0-4b99-a8b8-ef5ec6a5eea6', '421ca455-25a4-4a05-beb9-e558b70ecce0', 'income', '9000.00', 'Consultation Fee', 'Apex Retail — AI Audit & Roadmap Session', 'e158cefb-bc0b-49ea-898d-19fd1ed7cebe', '2026-02-14', '2026-05-24 04:35:56.164311+00'),
  ('a60c1f15-0bea-44af-888d-4fc9222428f5', '421ca455-25a4-4a05-beb9-e558b70ecce0', 'expense', '2200.00', 'Contractor', 'Freelance Design — Orion UI/UX work', NULL, '2026-04-10', '2026-05-24 04:35:56.784947+00'),
  ('a74f45d8-9acf-4193-86d5-364cab72ab0d', '421ca455-25a4-4a05-beb9-e558b70ecce0', 'expense', '268.00', 'Software/Tools', 'Anthropic API — March usage', NULL, '2026-03-01', '2026-05-24 04:35:56.906926+00'),
  ('a9968f42-88cc-4bf6-9ae0-6f05c1962aa6', '421ca455-25a4-4a05-beb9-e558b70ecce0', 'expense', '149.00', 'Software/Tools', 'Figma / Adobe — February subscription', NULL, '2026-02-01', '2026-05-24 04:35:57.36001+00'),
  ('abf24e9b-2103-4502-b8c4-09af9e23ff98', '421ca455-25a4-4a05-beb9-e558b70ecce0', 'income', '7100.00', 'Retainer', 'Orion Financial — March Retainer', '052c6808-482f-4df0-8c77-17c68cfddb9a', '2026-03-01', '2026-05-24 04:35:55.725763+00'),
  ('ae6b6164-1003-467f-b570-6e69fb677bd3', '421ca455-25a4-4a05-beb9-e558b70ecce0', 'income', '7100.00', 'Retainer', 'Orion Financial — February Retainer', '052c6808-482f-4df0-8c77-17c68cfddb9a', '2026-02-03', '2026-05-24 04:35:56.083303+00'),
  ('b8c05056-a7ce-4bb5-9371-ed979aa3a8dc', '421ca455-25a4-4a05-beb9-e558b70ecce0', 'income', '8500.00', 'Retainer', 'TechFlow Solutions — February Retainer', 'a723577c-cad9-43e2-98c7-2538194425a1', '2026-02-03', '2026-05-24 04:35:55.964118+00'),
  ('c155da21-be6f-4ccb-8ff0-52a30265c679', '421ca455-25a4-4a05-beb9-e558b70ecce0', 'expense', '89.00', 'Software/Tools', 'Supabase + Vercel — February hosting', NULL, '2026-02-01', '2026-05-24 04:35:57.248443+00'),
  ('c2de6207-65d7-49ef-a756-ebc520849202', '421ca455-25a4-4a05-beb9-e558b70ecce0', 'income', '3800.00', 'Retainer', 'Apex Retail — April Retainer', 'e158cefb-bc0b-49ea-898d-19fd1ed7cebe', '2026-04-02', '2026-05-24 04:35:55.483188+00'),
  ('c32925a1-c90a-47bd-ab08-3190ab134735', '421ca455-25a4-4a05-beb9-e558b70ecce0', 'expense', '89.00', 'Software/Tools', 'Supabase + Vercel — April hosting', NULL, '2026-04-01', '2026-05-24 04:35:56.713366+00'),
  ('ced8a963-80db-4961-b5dd-685d781546b7', '421ca455-25a4-4a05-beb9-e558b70ecce0', 'expense', '145.00', 'Software/Tools', 'Anthropic API — January usage', NULL, '2026-01-01', '2026-05-24 04:35:57.437021+00'),
  ('d1de0883-417b-493e-a4c1-ef1e8188b37a', '421ca455-25a4-4a05-beb9-e558b70ecce0', 'expense', '149.00', 'Software/Tools', 'Figma / Adobe — April subscription', NULL, '2026-04-01', '2026-05-24 04:35:56.840124+00'),
  ('d480afdc-d6df-4a6b-ab3b-5d06326ff878', '421ca455-25a4-4a05-beb9-e558b70ecce0', 'expense', '1200.00', 'Legal/Accounting', 'Quarterly bookkeeping & tax prep', NULL, '2026-03-31', '2026-05-24 04:35:57.09047+00'),
  ('d66e19ce-9626-4a86-802f-90c9b549e7e7', '421ca455-25a4-4a05-beb9-e558b70ecce0', 'expense', '198.00', 'Software/Tools', 'Anthropic API — February usage', NULL, '2026-02-01', '2026-05-24 04:35:57.198507+00'),
  ('d9c386d8-f896-4ae4-8d09-9deef0157c27', '421ca455-25a4-4a05-beb9-e558b70ecce0', 'expense', '800.00', 'Marketing', 'LinkedIn Ads — Lead generation campaign', NULL, '2026-02-08', '2026-05-24 04:35:57.306139+00'),
  ('dc7be0ab-4500-4318-a913-1498dfa81192', '421ca455-25a4-4a05-beb9-e558b70ecce0', 'expense', '89.00', 'Software/Tools', 'Supabase + Vercel — May hosting', NULL, '2026-05-01', '2026-05-24 04:35:56.54612+00'),
  ('e4bd2a6d-10e8-431e-a437-3126a9036f97', '421ca455-25a4-4a05-beb9-e558b70ecce0', 'income', '5200.00', 'Retainer', 'Meridian Media Group — March Retainer', '83afea24-8906-40d6-9904-9a218598f156', '2026-03-01', '2026-05-24 04:35:55.669196+00'),
  ('f38827f4-47f4-497a-89f4-b86707872161', '421ca455-25a4-4a05-beb9-e558b70ecce0', 'income', '5200.00', 'Retainer', 'Meridian Media Group — May Retainer', '83afea24-8906-40d6-9904-9a218598f156', '2026-05-01', '2026-05-24 04:35:54.997779+00'),
  ('fa4078b6-8617-4882-8e03-bf7e5963235e', '421ca455-25a4-4a05-beb9-e558b70ecce0', 'income', '4200.00', 'Retainer', 'BluePeak Studios — May Retainer', 'a4592865-45cd-411c-87dc-f994c08ecf91', '2026-05-01', '2026-05-24 04:35:55.075929+00'),
  ('fd3ddfbe-8bde-4b9b-899b-426f0e5d9148', '421ca455-25a4-4a05-beb9-e558b70ecce0', 'income', '3800.00', 'Retainer', 'Apex Retail — March Retainer', 'e158cefb-bc0b-49ea-898d-19fd1ed7cebe', '2026-03-02', '2026-05-24 04:35:55.78567+00')
ON CONFLICT (id) DO NOTHING;

-- 5. PROJECTS
INSERT INTO projects (id, organization_id, name, client_id, service_type, status, start_date, end_date, value, notes, created_at) VALUES
  ('73158f34-d54e-4711-a862-855fccb3333d', '421ca455-25a4-4a05-beb9-e558b70ecce0', 'TechFlow AI Automation Suite', 'a723577c-cad9-43e2-98c7-2538194425a1', 'ai-freelancing', 'in-progress', '2026-02-10', '2026-07-31', '42000.00', 'End-to-end AI pipeline replacing 3 manual workflows. Phase 1 delivered. Phase 2 (inference layer) in progress.', '2026-05-24 04:35:53.649569+00'),
  ('99cb9010-852d-4432-856f-75437d1204e0', '421ca455-25a4-4a05-beb9-e558b70ecce0', 'Meridian Brand & Content Overhaul', '83afea24-8906-40d6-9904-9a218598f156', 'brandscaling', 'completed', '2025-11-01', '2026-03-15', '28500.00', 'Full brand refresh with AI content templates, tone-of-voice guide, and 90-day editorial calendar. Signed off.', '2026-05-24 04:35:53.712106+00'),
  ('a406cf32-9bef-4849-ad09-2989a4d1d289', '421ca455-25a4-4a05-beb9-e558b70ecce0', 'Cascade Social AI System', 'f2b09121-1ece-40c6-a858-19e30f659713', 'brandscaling', 'in-progress', '2026-04-20', '2026-07-20', '22000.00', 'AI content engine for 14 hotel properties — automated social posting, review responses, seasonal campaigns.', '2026-05-24 04:35:53.946636+00'),
  ('b93834cf-8a01-49b1-b115-cc766d37fa7c', '421ca455-25a4-4a05-beb9-e558b70ecce0', 'BluePeak AI Content Engine', 'a4592865-45cd-411c-87dc-f994c08ecf91', 'ai-freelancing', 'review', '2026-02-01', '2026-06-30', '16800.00', 'Custom LLM pipeline for on-brand copy at scale. QA complete — pending client approval.', '2026-05-24 04:35:54.010456+00'),
  ('c32a4163-debe-4fa6-8db3-756ceaefe3e5', '421ca455-25a4-4a05-beb9-e558b70ecce0', 'Orion Client Portal', '052c6808-482f-4df0-8c77-17c68cfddb9a', 'website-dashboard', 'in-progress', '2026-01-15', '2026-08-15', '38500.00', 'White-label wealth portal with AI insights module. Compliance review done. Frontend integration underway.', '2026-05-24 04:35:54.073111+00'),
  ('d66045df-b297-4ab3-85a3-cb9ebe9a0933', '421ca455-25a4-4a05-beb9-e558b70ecce0', 'Apex Retail AI Workflow Integration', 'e158cefb-bc0b-49ea-898d-19fd1ed7cebe', 'ai-consultation', 'in-progress', '2026-03-01', '2026-08-30', '19500.00', 'AI inventory forecasting across 85 locations. 10-store pilot shows 23% reduction in overstock.', '2026-05-24 04:35:53.81883+00'),
  ('eed29e6b-705f-47e8-9510-dd4622ca1b1a', '421ca455-25a4-4a05-beb9-e558b70ecce0', 'NorthStar Portfolio Analytics Dashboard', '9d804618-8cc4-432c-ade9-9c8fc31f86d2', 'website-dashboard', 'planning', '2026-06-15', '2026-10-01', '35000.00', 'Real-time portfolio dashboard with AI-generated weekly summaries. Awaiting contract sign-off.', '2026-05-24 04:35:53.888711+00')
ON CONFLICT (id) DO NOTHING;

-- 6. INVOICES
INSERT INTO invoices (id, organization_id, invoice_number, client_id, client_name, amount, status, due_date, issued_date, notes, created_at) VALUES
  ('0351ddbc-b591-46d6-9dd7-ae0726d46ae8', '421ca455-25a4-4a05-beb9-e558b70ecce0', 'INV-2026-022', '83afea24-8906-40d6-9904-9a218598f156', NULL, '28500.00', 'paid', '2026-03-30', '2026-03-15', 'Meridian Brand & Content Overhaul — project completion', '2026-05-24 04:35:57.948424+00'),
  ('336353f7-fd1f-4b75-973a-aefb920db974', '421ca455-25a4-4a05-beb9-e558b70ecce0', 'INV-2026-031', 'a723577c-cad9-43e2-98c7-2538194425a1', NULL, '8500.00', 'paid', '2026-05-15', '2026-05-01', 'Monthly retainer — May 2026', '2026-05-24 04:35:57.716719+00'),
  ('416953eb-21f1-43a3-a348-738d813e6aa7', '421ca455-25a4-4a05-beb9-e558b70ecce0', 'INV-2026-034', 'a4592865-45cd-411c-87dc-f994c08ecf91', NULL, '4200.00', 'sent', '2026-05-22', '2026-05-01', 'Monthly retainer — May 2026', '2026-05-24 04:35:58.008158+00'),
  ('5e07bc55-cef3-4785-89b6-226827d1e947', '421ca455-25a4-4a05-beb9-e558b70ecce0', 'INV-2026-033', '052c6808-482f-4df0-8c77-17c68cfddb9a', NULL, '7100.00', 'paid', '2026-04-15', '2026-04-01', 'Monthly retainer — April 2026', '2026-05-24 04:35:57.835497+00'),
  ('6a67f429-b4e6-4a70-8fb5-2b044a219992', '421ca455-25a4-4a05-beb9-e558b70ecce0', 'INV-2026-035', 'e158cefb-bc0b-49ea-898d-19fd1ed7cebe', NULL, '3800.00', 'sent', '2026-05-23', '2026-05-02', 'Monthly retainer — May 2026', '2026-05-24 04:35:58.065024+00'),
  ('80cd3ca8-7331-4a34-ade1-bbaf984cf70d', '421ca455-25a4-4a05-beb9-e558b70ecce0', 'INV-2026-032', '83afea24-8906-40d6-9904-9a218598f156', NULL, '5200.00', 'paid', '2026-05-15', '2026-05-01', 'Monthly retainer — May 2026', '2026-05-24 04:35:57.779709+00'),
  ('914c4753-63c5-46a7-8734-63e25c49ad91', '421ca455-25a4-4a05-beb9-e558b70ecce0', 'INV-2026-028', 'a723577c-cad9-43e2-98c7-2538194425a1', NULL, '18000.00', 'paid', '2026-04-30', '2026-04-17', 'TechFlow AI Suite — Phase 1 milestone payment', '2026-05-24 04:35:57.894191+00'),
  ('fa6b207d-3315-4274-b152-113c5cc783d6', '421ca455-25a4-4a05-beb9-e558b70ecce0', 'INV-2026-018', '9d804618-8cc4-432c-ade9-9c8fc31f86d2', NULL, '8750.00', 'overdue', '2026-02-22', '2026-01-22', 'Discovery & scoping phase — payment 30 days overdue', '2026-05-24 04:35:58.126064+00')
ON CONFLICT (id) DO NOTHING;

-- 7. TASKS
INSERT INTO tasks (id, organization_id, title, description, client_id, project_id, status, priority, due_date, ai_generated, created_at) VALUES
  ('159bbed7-e203-44f5-a351-56f457e516de', '421ca455-25a4-4a05-beb9-e558b70ecce0', 'Renew Anthropic and Supabase annual infrastructure plans', 'Annual renewal for core stack. Anthropic launched new usage-based enterprise tier — compare pricing.', NULL, NULL, 'done', 'low', '2026-05-15', false, '2026-05-24 04:35:59.004553+00'),
  ('2978bc0d-ea96-4e5a-bd96-9618b3fee9ae', '421ca455-25a4-4a05-beb9-e558b70ecce0', 'Review TechFlow Phase 2 integration test results', 'Run validation suite on inference layer. Document pass/fail rates and prepare summary for client call.', 'a723577c-cad9-43e2-98c7-2538194425a1', '73158f34-d54e-4711-a862-855fccb3333d', 'in-progress', 'high', '2026-05-28', false, '2026-05-24 04:35:58.225894+00'),
  ('33c919c6-d12f-4391-ad87-0bd4cf379af7', '421ca455-25a4-4a05-beb9-e558b70ecce0', 'Finalize BluePeak content engine for client review', 'Complete QA pass on all generated outputs. Prepare handoff documentation and usage guide.', 'a4592865-45cd-411c-87dc-f994c08ecf91', 'b93834cf-8a01-49b1-b115-cc766d37fa7c', 'in-progress', 'high', '2026-05-30', false, '2026-05-24 04:35:58.28767+00'),
  ('3d2eb907-a23c-40ce-8f27-78f4359051ee', '421ca455-25a4-4a05-beb9-e558b70ecce0', 'Send Cascade Hospitality demo environment access', 'Spin up demo instance of the social AI system. Send login credentials and 15-min walkthrough video.', 'f2b09121-1ece-40c6-a858-19e30f659713', 'a406cf32-9bef-4849-ad09-2989a4d1d289', 'todo', 'medium', '2026-06-09', false, '2026-05-24 04:35:58.501289+00'),
  ('5542debe-34f2-46f1-a26c-e200a708c66a', '421ca455-25a4-4a05-beb9-e558b70ecce0', 'Follow up on overdue invoice INV-2026-018 (NorthStar $8,750)', 'Second follow-up. Send polite escalation email with updated payment link and 7-day deadline.', '9d804618-8cc4-432c-ade9-9c8fc31f86d2', NULL, 'todo', 'high', '2026-05-24', true, '2026-05-24 04:35:58.616388+00'),
  ('80225229-0f23-44d2-a692-da455a42c0c2', '421ca455-25a4-4a05-beb9-e558b70ecce0', 'Document TechFlow AI pipeline architecture for handoff', 'Write technical docs covering data flow, model configs, and API endpoints for client engineering team.', 'a723577c-cad9-43e2-98c7-2538194425a1', '73158f34-d54e-4711-a862-855fccb3333d', 'done', 'medium', '2026-04-30', false, '2026-05-24 04:35:58.951791+00'),
  ('9ca088b6-0c1f-40d5-ae0a-699358643c63', '421ca455-25a4-4a05-beb9-e558b70ecce0', 'Update Orion portal staging with new compliance auth module', 'Deploy latest auth changes to staging. Share access with Catherine Marsh for internal sign-off.', '052c6808-482f-4df0-8c77-17c68cfddb9a', 'c32a4163-debe-4fa6-8db3-756ceaefe3e5', 'in-progress', 'high', '2026-05-27', true, '2026-05-24 04:35:58.718354+00'),
  ('9ec53e12-c2a7-46dd-ab59-cd57f567d722', '421ca455-25a4-4a05-beb9-e558b70ecce0', 'Prepare Meridian Q3 content calendar', 'AI-generate 90-day editorial calendar based on Q2 performance data. Review before sending to client.', '83afea24-8906-40d6-9904-9a218598f156', NULL, 'todo', 'medium', '2026-06-05', false, '2026-05-24 04:35:58.560652+00'),
  ('a2ab9f5e-38b4-4d0d-b877-6306455f2a05', '421ca455-25a4-4a05-beb9-e558b70ecce0', 'Prepare NorthStar proposal revision and contract', 'Update scope based on last call feedback. Reduce Phase 1 to 8 weeks, adjust pricing. Send via DocuSign.', '9d804618-8cc4-432c-ade9-9c8fc31f86d2', 'eed29e6b-705f-47e8-9510-dd4622ca1b1a', 'todo', 'high', '2026-05-26', false, '2026-05-24 04:35:58.346563+00'),
  ('a47b07a8-f741-4dc7-88ba-41f59526ea85', '421ca455-25a4-4a05-beb9-e558b70ecce0', 'Prepare investor-facing business performance deck', 'Pull key metrics: MRR, pipeline value, client count, project delivery rate. Build 8-slide summary.', NULL, NULL, 'todo', 'medium', '2026-06-01', true, '2026-05-24 04:35:58.775611+00'),
  ('cf776290-2ffa-4be0-98f7-ca280449738a', '421ca455-25a4-4a05-beb9-e558b70ecce0', 'Schedule Apex Retail Phase 2 kickoff meeting', 'Confirm stakeholder availability for full 85-location rollout planning. Prepare agenda and pre-read.', 'e158cefb-bc0b-49ea-898d-19fd1ed7cebe', 'd66045df-b297-4ab3-85a3-cb9ebe9a0933', 'todo', 'medium', '2026-06-02', true, '2026-05-24 04:35:58.665452+00'),
  ('d9cacee6-963a-4c49-8b50-50014073bc23', '421ca455-25a4-4a05-beb9-e558b70ecce0', 'Send Q2 performance report to all active retainer clients', 'Compile usage stats, deliverables summary, and ROI metrics for all 5 active retainer clients.', NULL, NULL, 'todo', 'high', '2026-06-10', true, '2026-05-24 04:35:58.894908+00')
ON CONFLICT (id) DO NOTHING;

